tag,items_count
Python,1.0
JavaScript,0.7176844525596808
Ruby,0.5398390478122675
Rails,0.517008182863326
AWS,0.5056198011767092
初心者,0.3897207006154054
PHP,0.3832690877121796
Docker,0.3357273280584297
Java,0.3075809832961385
iOS,0.28764455264759586
Swift,0.2865084195577196
Android,0.2620409819435991
Linux,0.24804219922905255
Node.js,0.2180699262866031
Python3,0.2158652870764861
Git,0.21098261986880368
C#,0.20780415229593563
Unity,0.20482856563197402
React,0.20454453235950498
Laravel,0.18329613850003382
Mac,0.18092919456279163
Vue.js,0.17247582335835532
CSS,0.16993304930006087
TypeScript,0.16939203354297694
MySQL,0.16805301954419422
HTML,0.1669033610603909
Go,0.16664637857577602
機械学習,0.15982958003651856
GitHub,0.1537702035571786
Windows,0.14568201798877392
C++,0.14565496720091972
Ubuntu,0.12548860485561641
RaspberryPi,0.12045715831473591
Xcode,0.11474944207750051
VSCode,0.1040102792993846
Azure,0.10280651923987286
Kotlin,0.09114762967471428
SQL,0.08910529519172246
DeepLearning,0.0873064177994184
CentOS,0.08381686616622709
kubernetes,0.08346520592412254
jQuery,0.08261310610671536
Firebase,0.07806857374721039
Bash,0.07762223574761615
Flutter,0.07752755799012646
lambda,0.07407858253871644
Django,0.07348346520592412
WordPress,0.07342936363021572
ポエム,0.0722120781767769
AtCoder,0.07192804490430783
PostgreSQL,0.07153580848042199
C,0.06819503618042876
EC2,0.06736998715087576
Vim,0.0671535808480422
docker-compose,0.06519239872861297
Heroku,0.06475958612294583
Excel,0.06474606072901873
MacOSX,0.0642861973354974
Security,0.06415094339622641
gcp,0.06289308176100629
Windows10,0.06225738824643268
R,0.06198688036789071
Vagrant,0.06186515182254683
ShellScript,0.061770474065057146
Slack,0.061716372489348754
Arduino,0.05997159667275309
Salesforce,0.059822817339555016
API,0.059741664975992426
nginx,0.058213295462230336
GoogleAppsScript,0.057239467099479274
Nuxt,0.05512950564685196
Objective-C,0.05480489619260161
TensorFlow,0.05446676134442416
SpringBoot,0.05446676134442416
Rust,0.05379049164806925
新人プログラマ応援,0.05364171231487117
PowerShell,0.053249475890985325
IoT,0.05262730777033881
初心者向け,0.052275647528234256
SSH,0.052221545952525865
Elixir,0.05220802055859877
OpenCV,0.05093663352945155
競技プログラミング,0.05084195577196186
HTML5,0.050206262257388244
#migrated,0.05012510989382566
AI,0.0491107053492933
Angular,0.04890782444038683
S3,0.04787989450192737
oracle,0.04728477716913505
MachineLearning,0.04704132007844729
AndroidStudio,0.04627037262460269
centos7,0.04520186650436194
Scala,0.044850206262257386
JSON,0.04462027456549672
Apache,0.04457969838371543
pandas,0.044376817474808955
Chrome,0.04422803814161087
プログラミング,0.04356529383918307
Ansible,0.04338946371813079
VBA,0.042780820991411374
GAS,0.04264556705214039
メモ,0.042334482991817135
小川メソッド,0.04196929735578549
テスト,0.04167173868938933
Network,0.04159058632582674
アルゴリズム,0.041495908568337056
備忘録,0.04053560559951309
VirtualBox,0.039913437478866574
数学,0.03976465814566849
npm,0.03904781226753229
GoogleCloudPlatform,0.0390207614796781
Qiita,0.038926083722188407
Web,0.038425644146885776
ChatGPT,0.0382362886319064
Next.js,0.03603164942178941
データ分析,0.03573409075539325
Dart,0.03553120984648678
Terraform,0.03470616081693379
RSpec,0.03469263542300669
Markdown,0.034557381483735716
ibmcloud,0.034422127544464734
Twitter,0.03374585784810983
Terminal,0.03358355312098465
フロントエンド,0.032907283424629744
iPhone,0.03256914857645229
自然言語処理,0.032447420031108405
homebrew,0.03235274227361872
Selenium,0.03212281057685805
webpack,0.03156826942584703
.NET,0.031527693244065735
Emacs,0.03131128694123216
SwiftUI,0.031162507608034084
error,0.031094880638398593
VisualStudioCode,0.031067829850544397
Elasticsearch,0.030932575911273415
環境構築,0.03082437275985663
shell,0.030770271184148237
VisualStudio,0.030580915669168863
Haskell,0.02989112057888686
reactnative,0.029877595184959763
Keras,0.02982349360925137
Linuxコマンド,0.02930952864002164
matplotlib,0.02901196997362548
Rails5,0.02866030973152093
Zsh,0.028633258943666733
Jupyter,0.028552106580104146
linebot,0.028538581186177046
aws-cli,0.028430378034760263
numpy,0.02799756542909312
PyTorch,0.027632379793061473
GitHubActions,0.02729424494488402
Blockchain,0.02724014336917563
CSS3,0.02722661797524853
WSL,0.026902008520998173
GitLab,0.026699127612091703
macOS,0.026685602218164604
Flask,0.026685602218164604
プログラミング初心者,0.026523297491039426
統計学,0.02627984040035166
Eclipse,0.026144586461080678
入門,0.026131061067153582
個人開発,0.026076959491445187
スクレイピング,0.025224859674038005
資格,0.02504902955298573
オブジェクト指向,0.02481909785622506
英語,0.024724420098735374
spring,0.02471089470480828
画像処理,0.024670318523026983
Bootstrap,0.0245485899776831
Perl,0.024521539189828905
AdventCalendar,0.024061675796307566
Jenkins,0.023872320281328192
正規表現,0.0238182187056198
RPA,0.02368296476634882
電子工作,0.02368296476634882
MongoDB,0.02368296476634882
Gem,0.02354771082707784
DB,0.023344829918171366
Google,0.023182525191046188
BigQuery,0.023060796645702306
gradle,0.022939068100358423
ROS,0.022830864948941636
データサイエンス,0.02276323797930615
Databricks,0.022127544464732536
深層学習,0.02208696828295124
WSL2,0.021897612767971867
UE4,0.02185703658619057
CSV,0.02178940961655508
AUTOSAR,0.02174883343477379
SQLServer,0.021383647798742137
Rails6,0.02137012240481504
GoogleSpreadSheet,0.02131602082910665
Anaconda,0.021221343071616963
Unity3D,0.021207817677689863
HTTP,0.021194292283762763
oci,0.021113139920200176
エンジニア,0.02107256373841888
CircleCI,0.020842632041658215
redux,0.020815581253804016
Express,0.020815581253804016
oraclecloud,0.020531547981334955
Railsチュートリアル,0.020450395617772368
PHP7,0.020396294042063976
node-red,0.020382768648136877
CloudFormation,0.020261040102792994
Ethereum,0.020233989314938798
ESP32,0.020031108406032325
CakePHP,0.019882329072834246
ATOM,0.019814702103198755
IntelliJ,0.019760600527490364
Database,0.01963887198214648
AWS認定試験,0.01962534658821938
CTF,0.019598295800365186
Sass,0.01927368634611483
DoCAP,0.019260160952187733
kintone,0.019179008588625143
APIGateway,0.019151957800770947
GraphQL,0.01885439913437479
WPF,0.018719145195103808
Microsoft,0.018651518225468317
Julia,0.01855684046797863
ECS,0.01848921349834314
SSL,0.01835395955907216
vmware,0.01834043416514506
tips,0.018259281801582473
LaTeX,0.01819165483194698
RDS,0.018151078650165686
Redmine,0.018151078650165686
LINE,0.018083451680530195
UI,0.017934672347332117
DynamoDB,0.017785893014134038
自動化,0.01777236762020694
Firestore,0.01755596131737337
Kaggle,0.01755596131737337
ubuntu18.04,0.017434232772029486
Cloud,0.017434232772029486
ゲーム制作,0.017353080408466896
初学者向け,0.01717725028741462
PowerBI,0.01712314871170623
Electron,0.016906742408872657
UiPath,0.016771488469601678
LINEmessagingAPI,0.0166091837424765
Redis,0.0165956583485494
MATLAB,0.01637925204571583
Design,0.016352201257861635
Debian,0.016338675863934535
ubuntu20.04,0.016284574288226144
デザインパターン,0.016230472712517752
データベース,0.016189896530736457
VR,0.01616284574288226
FPGA,0.01614932034895516
基本情報技術者試験,0.01609521877324677
PowerAutomate,0.015959964833975788
java8,0.015959964833975788
NLP,0.0158652870764861
es6,0.015851761682559005
scikit-learn,0.015743558531142218
ディープラーニング,0.015527152228308649
gulp,0.015527152228308649
devise,0.015445999864746061
設計,0.015337796713329275
coding,0.015270169743693785
cloud9,0.015107865016568607
Bluemix,0.015080814228714412
WebGL,0.015053763440860216
ExcelVBA,0.014972611077297627
PDF,0.014972611077297627
TwitterAPI,0.014891458713735038
勉強会,0.014810306350172449
参考文献,0.014769730168391155
IAM,0.014769730168391155
M5stack,0.01472915398660986
コマンド,0.014675052410901468
Spark,0.01459390004733888
REST-API,0.014566849259484682
container,0.014499222289849192
debug,0.014458646108067897
インストール,0.014431595320213701
scss,0.014391019138432408
serverless,0.014336917562724014
chrome-extension,0.014323392168796916
mariadb,0.014242239805234327
初学者,0.014188138229525934
Blender,0.014188138229525934
spreadsheet,0.014174612835598836
UnrealEngine,0.014161087441671738
Composer,0.014106985865963347
PowerApps,0.01399878271454656
Rails4,0.013931155744911071
CI,0.013890579563129776
どう書く,0.013850003381348482
CloudFront,0.0137147494420775
curl,0.013674173260296206
Ajax,0.013660647866369108
アジャイル,0.013660647866369108
bot,0.01364712247244201
zabbix,0.013620071684587814
android開発,0.013471292351389734
pip,0.013471292351389734
DDD,0.013457766957462636
SQLite3,0.013349563806045852
Jest,0.013322513018191654
CloudWatch,0.013295462230337458
Xamarin,0.01328193683641036
未経験エンジニア,0.013241360654629067
processing,0.013227835260701967
chef,0.013173733684993576
WebAPI,0.013173733684993576
ESLint,0.013119632109285182
UNIX,0.013106106715358085
mecab,0.013092581321430987
CoffeeScript,0.013079055927503889
Alexa,0.012943801988232907
dns,0.012943801988232907
raspbian,0.012930276594305809
アプリ開発,0.012903225806451613
dockerfile,0.01284912423074322
ffmpeg,0.012822073442889024
ActiveRecord,0.012713870291472239
CLI,0.012700344897545141
discord,0.012673294109690945
pyenv,0.012456887806857374
colaboratory,0.012443362412930276
JupyterNotebook,0.012389260837221885
Maven,0.012375735443294785
cppBuilder,0.012308108473659296
論文読み,0.012159329140461216
インフラ,0.012159329140461216
leetcode,0.012118752958679922
画像認識,0.012091702170825726
vpc,0.012091702170825726
GoogleColaboratory,0.01205112598904443
開発環境,0.012037600595117333
GPU,0.011969973625481842
Vuetify,0.011875295867992155
OSS,0.011875295867992155
Chainer,0.011848245080137959
devops,0.011834719686210861
CUDA,0.011807668898356665
ubuntu16.04,0.011794143504429566
YouTube,0.011794143504429566
Raspberrypi3,0.01176709271657537
GIS,0.011699465746939879
HTTPS,0.01163183877730439
量子コンピュータ,0.011577737201595996
Phoenix,0.011564211807668898
Let’sEncrypt,0.0115506864137418
Fluentd,0.011523635625887605
GoogleAnalytics,0.011469534050179211
初心者エンジニア,0.01140190708054372
three.js,0.01140190708054372
rbenv,0.011374856292689525
強化学習,0.011347805504835329
Vuex,0.011307229323054033
.NETCore,0.011307229323054033
Cisco,0.011307229323054033
チュートリアル,0.011253127747345642
ネタ,0.011171975383783053
OpenSSL,0.011171975383783053
TeX,0.011131399202001757
OAuth,0.011104348414147562
XML,0.011090823020220464
vue-cli,0.011077297626293366
ブロックチェーン,0.011077297626293366
PHPUnit,0.01103672144451207
YARN,0.010955569080949483
amplify,0.01090146750524109
SoftLayer,0.01090146750524109
配列,0.010793264353824305
axios,0.01076621356597011
TechEnglish,0.010752688172043012
SVG,0.01068506120240752
転職,0.010658010414553325
マネジメント,0.010603908838844931
スクラム,0.010576858050990736
bat,0.010576858050990736
Bitcoin,0.010549807263136538
cron,0.010549807263136538
VPN,0.010522756475282342
IFTTT,0.010522756475282342
babel,0.010468654899573951
Keyboard,0.010455129505646851
Facebook,0.010455129505646851
人工知能,0.010441604111719753
minecraft,0.010387502536011362
archLinux,0.010373977142084264
websocket,0.010346926354230066
tmux,0.01031987556637587
Swift4,0.010306350172448773
BLE,0.010306350172448773
関数型プログラミング,0.010279299384594577
proxy,0.010279299384594577
SourceTree,0.01025224859674038
solidity,0.010238723202813282
STM32,0.010103469263542301
Firefox,0.010103469263542301
OpenAI,0.010089943869615203
PhpStorm,0.010089943869615203
CocoaPods,0.010076418475688104
GAE,0.010076418475688104
command,0.01003584229390681
プロジェクト管理,0.009995266112125516
Watson,0.009981740718198417
mail,0.009968215324271319
Gmail,0.009954689930344221
Tomcat,0.009941164536417123
Kibana,0.009927639142490025
GoogleMapsAPI,0.009914113748562927
cakephp3,0.00988706296070873
route53,0.009860012172854534
bioinformatics,0.00981943599107324
algorithm,0.00981943599107324
canvas,0.009738283627510651
cocos2d-x,0.009684182051802258
MySQL8.0,0.00967065665787516
CNN,0.009630080476093867
数値計算,0.009616555082166769
math,0.009616555082166769
python2.7,0.00960302968823967
WindowsServer,0.00960302968823967
ASP.NET_Core,0.009589504294312571
最適化,0.009548928112531278
FreeBSD,0.009548928112531278
学習,0.009481301142895786
まとめ,0.009481301142895786
VB.Net,0.009440724961114493
WebRTC,0.009427199567187395
centos8,0.009400148779333197
openshift,0.0093866233854061
Swift5,0.009373097991479002
GoogleHome,0.009359572597551904
RStudio,0.009359572597551904
M1,0.009346047203624806
SAP,0.009291945627916413
ionic,0.009210793264353824
Elm,0.009197267870426726
Clojure,0.009183742476499628
laravel5,0.009156691688645432
コマンドプロンプト,0.009143166294718334
Lua,0.009143166294718334
bluetooth,0.009129640900791236
cloudfunctions,0.00902143774937445
リファクタリング,0.009007912355447352
Fargate,0.008994386961520254
翻訳,0.008994386961520254
SORACOM,0.00895381077973896
Apex,0.00895381077973896
SPA,0.008913234597957665
Delphi,0.008913234597957665
AR,0.008899709204030567
cognito,0.008845607628322176
yhpg,0.008845607628322176
.NETFramework,0.008818556840467978
analytics,0.00880503144654088
mqtt,0.008791506052613782
PlayFramework,0.008750929870832489
PowerPlatform,0.008710353689051193
gRPC,0.008683302901196998
AWS認定ソリューションアーキテクト,0.008683302901196998
Shader,0.008615675931561506
可視化,0.008602150537634409
ImageMagick,0.008575099749780213
駆け出しエンジニア,0.00852099817407182
font,0.008507472780144722
ニュース,0.008426320416582133
3D,0.008412795022655035
swagger,0.008399269628727937
Cordova,0.008399269628727937
GoogleDrive,0.008358693446946642
Tkinter,0.008345168053019544
Fortran,0.008331642659092446
自分用メモ,0.008291066477311152
UnrealEngine4,0.008264015689456955
GithubPages,0.008264015689456955
migration,0.008236964901602759
game,0.008236964901602759
JUnit,0.008223439507675661
sympy,0.008223439507675661
mbed,0.008209914113748563
tailwindcss,0.008182863325894367
Udemy,0.00815581253804017
CICD,0.008128761750185974
Groovy,0.008115236356258876
stripe,0.008101710962331778
FileMaker,0.008101710962331778
プログラミング勉強日記,0.00808818556840468
ポートフォリオ,0.00808818556840468
GCC,0.00808818556840468
Qt,0.00807466017447758
Hubot,0.008047609386623385
Office365,0.008034083992696287
ASP.NET,0.008034083992696287
unittest,0.00802055859876919
TDD,0.00802055859876919
animation,0.007979982416987894
Safari,0.007966457023060796
C++11,0.007952931629133698
Laravel6,0.0079394062352066
Webアプリケーション,0.0079394062352066
FuelPHP,0.007912355447352405
ROS2,0.007898830053425307
UX,0.007898830053425307
テスト自動化,0.007844728477716913
Splunk,0.007844728477716913
GLSL,0.007844728477716913
AzureFunctions,0.007831203083789815
Tableau,0.007831203083789815
NVIDIA,0.007831203083789815
Yum,0.007831203083789815
Capistrano,0.007831203083789815
Teams,0.007777101508081423
チーム開発,0.007777101508081423
kernel,0.007763576114154324
UIKit,0.007736525326300129
Swift3.0,0.007682423750591736
expo,0.0076688983566646374
サーバー,0.0076688983566646374
Java入門,0.0076553729627375396
AmazonLinux2,0.007641847568810442
ニューラルネットワーク,0.007641847568810442
PWA,0.007628322174883344
gatsby,0.0075742205991749505
Bundler,0.0075742205991749505
RxSwift,0.007560695205247853
ショートカット,0.007560695205247853
Bitbucket,0.007547169811320755
YAML,0.007533644417393657
AlibabaCloud,0.007520119023466558
laravel8,0.00750659362953946
BeautifulSoup,0.00750659362953946
hadoop,0.007493068235612362
fish,0.007452492053831068
非同期処理,0.00743896665990397
AWK,0.00743896665990397
obniz,0.007425441265976871
WebAssembly,0.007425441265976871
SEO,0.007425441265976871
GKE,0.007411915872049773
ドメイン駆動設計,0.007411915872049773
ECMAScript,0.007384865084195578
twilio,0.007371339690268479
xampp,0.007357814296341381
material-ui,0.007344288902414283
slackbot,0.007344288902414283
FizzBuzz,0.0073172381145600865
paiza,0.007303712720632989
AmazonLinux,0.007303712720632989
VBScript,0.007303712720632989
Erlang,0.007290187326705891
promise,0.007276661932778792
RaspberryPi4,0.007263136538851694
Unity2D,0.007263136538851694
GUI,0.007263136538851694
Netlify,0.007195509569216204
eks,0.007181984175289105
batch,0.007114357205653615
CMake,0.007114357205653615
JetsonNano,0.00707378102387232
ServiceNow,0.00707378102387232
勉強メモ,0.00707378102387232
Apple,0.00707378102387232
認証,0.007046730236018124
react-native,0.006992628660309731
systemd,0.0069655778724555355
AWSLambda,0.006952052478528437
prometheus,0.006952052478528437
ARM,0.006952052478528437
SublimeText,0.006952052478528437
AzureAD,0.006938527084601339
統計,0.006911476296747143
ProjectEuler,0.006911476296747143
p5.js,0.0068844255088929465
access,0.006870900114965849
log,0.006870900114965849
haml,0.006870900114965849
neovim,0.00685737472103875
Hyper-V,0.00685737472103875
cookie,0.00685737472103875
Pepper,0.006803273145330357
Word,0.006803273145330357
CDK,0.0067897477514032595
SPSS,0.006749171569621965
Webサービス,0.006735646175694867
dlang,0.006735646175694867
Realm,0.006722120781767769
バッチファイル,0.0067085953878406705
windows7,0.006681544599986475
学習記録,0.006668019206059377
HelloWorld,0.006668019206059377
jq,0.006627443024278082
ElasticBeanstalk,0.006613917630350984
brew,0.006613917630350984
GoogleAppEngine,0.006600392236423886
AutomationAnywhere,0.006586866842496788
言語処理100本ノック,0.006586866842496788
基礎,0.006586866842496788
Athena,0.00657334144856969
OracleDatabase,0.006559816054642591
監視,0.006559816054642591
ブラウザ,0.0065327652667883955
Sinatra,0.0065327652667883955
audio,0.006505714478934199
AppleScript,0.006505714478934199
暗号,0.006492189085007101
WiFi,0.006492189085007101
OpenGL,0.006465138297152904
運用,0.00642456211537161
JWT,0.00642456211537161
openstack,0.00642456211537161
NestJS,0.006411036721444512
ServerlessFramework,0.006411036721444512
NEM,0.006383985933590316
mamp,0.006383985933590316
borgWarp,0.006370460539663217
Pycharm,0.006370460539663217
elb,0.006370460539663217
ArduinoIDE,0.0063569351457361195
link,0.0063569351457361195
openFrameworks,0.0063569351457361195
vps,0.006343409751809022
Vue3,0.006329884357881923
エラー対処,0.006329884357881923
maya,0.006316358963954825
grafana,0.006289308176100629
JetpackCompose,0.0062757827821735305
ARKit,0.006262257388246433
LineNotify,0.006262257388246433
scipy,0.006248731994319335
Deno,0.006221681206465138
iTerm2,0.006221681206465138
コミュニケーション,0.00620815581253804
ライブラリ,0.00620815581253804
Alibabaクラウド,0.006194630418610942
puppeteer,0.006181105024683844
d3.js,0.006181105024683844
storybook,0.006154054236829648
アーキテクチャ,0.006140528842902549
Cognos,0.006127003448975451
Aurora,0.006127003448975451
postfix,0.006127003448975451
mysql5.7,0.0060999526611212555
音声認識,0.0060999526611212555
prettier,0.006086427267194157
RHEL,0.006086427267194157
グラフ,0.006072901873267059
Angular2,0.006059376479339961
vimrc,0.006059376479339961
db2,0.006032325691485764
mruby,0.006032325691485764
FastAPI,0.00599174950970447
googleapi,0.00599174950970447
nosql,0.005978224115777372
Validation,0.005978224115777372
QiitaAPI,0.005951173327923176
I2C,0.005937647933996077
SublimeText3,0.005937647933996077
cmd,0.0059241225400689795
sed,0.005910597146141882
形態素解析,0.005883546358287685
データ構造,0.005870020964360587
CORS,0.005870020964360587
HoloLens,0.005856495570433489
競プロ,0.005856495570433489
Amazon,0.005856495570433489
JupyterLab,0.005829444782579293
KaliLinux,0.005829444782579293
日記,0.005829444782579293
NCMB,0.005802393994725096
効率化,0.005802393994725096
Ｅ資格,0.0057753432068709
デプロイ,0.0057753432068709
OS,0.0057753432068709
アプリ,0.0057753432068709
slack-api,0.005761817812943802
paiza.IO,0.005761817812943802
MVVM,0.005761817812943802
VRChat,0.005748292419016704
Webhook,0.005748292419016704
脆弱性,0.005734767025089606
redshift,0.005734767025089606
ツール,0.005721241631162508
django-rest-framework,0.005707716237235409
monaca,0.005707716237235409
PowerPoint,0.005707716237235409
SPSS_Modeler,0.005694190843308311
PlantUML,0.005694190843308311
TravisCI,0.005680665449381213
関数,0.005680665449381213
lisp,0.0056671400554541155
Plugin,0.005653614661527017
文字コード,0.005640089267599919
grep,0.005640089267599919
Windows11,0.005599513085818624
bootstrap4,0.005599513085818624
Datadog,0.005599513085818624
ActiveDirectory,0.005599513085818624
JSX,0.005599513085818624
Capybara,0.005599513085818624
Progate,0.0055859876918915264
scraping,0.0055859876918915264
Symfony,0.0055724622979644286
Storyboard,0.00555893690403733
SharePoint,0.005545411510110232
キャリア,0.005531886116183134
ゲーム,0.005531886116183134
CodeBuild,0.005518360722256035
Oculus,0.005477784540474742
CentOS6.x,0.005450733752620545
Xaml,0.005437208358693447
cloudflare,0.005423682964766348
redhat,0.005423682964766348
小ネタ,0.0054101575708392505
資格勉強,0.005396632176912153
機械学習入門,0.005396632176912153
boto3,0.005396632176912153
micropython,0.005369581389057956
SSL証明書,0.005356055995130858
IPアドレス,0.005356055995130858
Plunker,0.00534253060120376
ラズパイ,0.005315479813349564
IDE,0.005315479813349564
photoshop,0.005315479813349564
PowerQuery,0.005301954419422466
datetime,0.005301954419422466
RuboCop,0.005288429025495368
Conoha,0.005288429025495368
LINQ,0.005288429025495368
mastodon,0.005274903631568269
新卒エンジニア,0.005274903631568269
技術書,0.005247852843714073
F#,0.005247852843714073
kubectl,0.0052343274497869755
リモートワーク,0.005220802055859877
プログラミング教育,0.005220802055859877
アセンブラ,0.005220802055859877
SNS,0.005220802055859877
react-hooks,0.005193751268005681
HOUDINI,0.005193751268005681
Xamarin.Forms,0.005193751268005681
Makefile,0.005193751268005681
Blazor,0.005180225874078582
SageMaker,0.005180225874078582
OpenAPI,0.005180225874078582
線形代数,0.005180225874078582
Ubuntu22.04,0.005166700480151484
redash,0.005166700480151484
統計検定,0.005166700480151484
Shopify,0.005153175086224386
microbit,0.005153175086224386
Thymeleaf,0.005153175086224386
読書,0.005153175086224386
vite,0.0051396496922972885
hooks,0.00512612429837019
プロジェクトマネジメント,0.005112598904443092
アウトプット,0.005112598904443092
microservices,0.005112598904443092
enebular,0.005099073510515994
ゲーム開発,0.005099073510515994
Adobe,0.005099073510515994
TouchDesigner,0.005085548116588895
chart.js,0.005085548116588895
Scratch,0.005085548116588895
SQLite,0.005072022722661797
ses,0.005072022722661797
vue-router,0.0050584973287346995
Cygwin,0.005044971934807602
IE,0.005044971934807602
Zoom,0.005031446540880503
USB,0.005031446540880503
IPv6,0.005031446540880503
Prolog,0.005031446540880503
Nim,0.005017921146953405
環境変数,0.005017921146953405
gce,0.005017921146953405
Unicode,0.005017921146953405
CMS,0.004990870359099208
performance,0.0049773449651721105
QA,0.0049773449651721105
OCR,0.0049773449651721105
Outlook,0.0049773449651721105
phpMyadmin,0.0049773449651721105
Svelte,0.004963819571245013
Subversion,0.004963819571245013
ShinobiLayer,0.004936768783390816
拡張機能,0.004923243389463718
PHP8,0.0048961926016095215
クラス,0.0048961926016095215
ECR,0.004882667207682424
Cocoa,0.004882667207682424
Chromebook,0.004869141813755326
mvc,0.004869141813755326
アニメーション,0.004869141813755326
組み込み,0.004855616419828228
awscli,0.004855616419828228
StableDiffusion,0.004842091025901129
laravel5.5,0.004842091025901129
IBM,0.004842091025901129
FontAwesome,0.004842091025901129
KVM,0.004842091025901129
Notion,0.004828565631974031
CodePipeline,0.004828565631974031
MaterialDesign,0.004828565631974031
enum,0.004828565631974031
Microsoft365,0.004815040238046933
M5StickC,0.004801514844119835
Symbol,0.004801514844119835
Embulk,0.004801514844119835
画像,0.004801514844119835
書籍,0.004801514844119835
OpenJDK,0.004801514844119835
async,0.004787989450192737
ESXi,0.004787989450192737
unicorn,0.004787989450192737
Eloquent,0.004774464056265639
iPad,0.004774464056265639
BI,0.004747413268411442
teraterm,0.004747413268411442
samba,0.004747413268411442
ansible-playbook,0.004733887874484344
トラブルシューティング,0.004733887874484344
NewRelic,0.004720362480557246
AzureDevOps,0.004706837086630148
Apache2.4,0.004706837086630148
仮想通貨,0.00469331169270305
ハッカソン,0.00469331169270305
QGIS,0.004679786298775952
時系列解析,0.004652735510921755
開発プロセス,0.004652735510921755
CommonLisp,0.004652735510921755
Kafka,0.004639210116994657
Chatwork,0.004639210116994657
array,0.004639210116994657
GitLab-CI,0.0046256847230675595
ハンズオン,0.004612159329140462
grunt,0.004612159329140462
Pipenv,0.004598633935213363
マーケティング,0.004598633935213363
deploy,0.004585108541286265
GPS,0.004558057753432068
動画,0.004558057753432068
AlexaSkillsKit,0.0045445323595049705
ロボット,0.0045445323595049705
word2vec,0.0045445323595049705
ワンライナー,0.0045445323595049705
COVID-19,0.004531006965577873
マクロ,0.004531006965577873
MyBatis,0.004531006965577873
form,0.004531006965577873
GoogleCalendar,0.004531006965577873
CoreOS,0.004517481571650775
uml,0.004517481571650775
OpenStreetMap,0.004517481571650775
ノーコード,0.004503956177723676
C++14,0.004503956177723676
statistics,0.004503956177723676
EC-CUBE4,0.004490430783796578
php-fpm,0.004490430783796578
RubyMine,0.004490430783796578
selenium-webdriver,0.00447690538986948
DockerHub,0.00447690538986948
データ可視化,0.004449854602015284
awsIoT,0.004436329208088186
RaspberryPiPico,0.004409278420233989
chatbot,0.004409278420233989
alpine,0.004395753026306891
editor,0.004395753026306891
FirebaseAuth,0.004382227632379793
authentication,0.004382227632379793
English,0.004382227632379793
server,0.004382227632379793
CPU,0.004368702238452695
PowerAutomateDesktop,0.004355176844525597
glue,0.004355176844525597
物体検出,0.004341651450598499
Peco,0.004341651450598499
Titanium,0.004341651450598499
AtCoderBeginnerContest,0.004328126056671401
LaraDock,0.004328126056671401
Unity入門,0.004328126056671401
login,0.004328126056671401
MacBook,0.004314600662744302
leaflet,0.004314600662744302
QiitaAzure,0.004301075268817204
Ubuntu14.04,0.004301075268817204
sam,0.004301075268817204
Lightsail,0.004287549874890106
difference,0.004287549874890106
初投稿,0.004287549874890106
TLS,0.004287549874890106
I18n,0.004287549874890106
slim,0.004287549874890106
DI,0.004274024480963008
TreasureData,0.004274024480963008
ALB,0.00426049908703591
MNIST,0.00426049908703591
ngrok,0.00426049908703591
業務効率化,0.004246973693108812
SSO,0.004246973693108812
仮想環境,0.004246973693108812
rest,0.004246973693108812
CleanArchitecture,0.004233448299181714
pug,0.004233448299181714
zip,0.004233448299181714
勉強法,0.004219922905254615
CDN,0.004219922905254615
OculusQuest,0.004206397511327517
create-react-app,0.004206397511327517
教育,0.004206397511327517
物理,0.004206397511327517
Socket.io,0.004206397511327517
rancher,0.004179346723473321
地図,0.004179346723473321
MIDI,0.004179346723473321
bookmarklet,0.004179346723473321
シミュレーション,0.004179346723473321
sbt,0.004179346723473321
エディタ,0.004165821329546223
データサイエンティスト,0.004152295935619125
フレームワーク,0.004152295935619125
日本語,0.004152295935619125
swift3,0.004125245147764928
バックアップ,0.004125245147764928
jira,0.004125245147764928
xdebug,0.004125245147764928
svn,0.004125245147764928
UnityEditor,0.0041117197538378305
discord.py,0.004098194359910733
apollo,0.004098194359910733
ESP-WROOM-02,0.004098194359910733
aws-sdk,0.004098194359910733
RxJS,0.004098194359910733
AppStore,0.004098194359910733
Edge,0.004098194359910733
Beginner,0.004098194359910733
さくらVPS,0.004084668965983634
agile,0.004071143572056536
TCP,0.004071143572056536
outsystems,0.004057618178129438
fastlane,0.004057618178129438
Auth0,0.004057618178129438
チームビルディング,0.004057618178129438
scrum,0.004057618178129438
QRcode,0.004057618178129438
sqlalchemy,0.004057618178129438
文字列,0.00404409278420234
GAN,0.0040305673902752415
zynq,0.0040305673902752415
JavaEE,0.0040305673902752415
IaC,0.004017041996348144
URL,0.004017041996348144
adMob,0.004003516602421046
CloudRun,0.003976465814566849
testing,0.003976465814566849
carrierwave,0.003976465814566849
UniRx,0.003962940420639751
codepen,0.003962940420639751
sort,0.003962940420639751
Keycloak,0.003949415026712653
map,0.003949415026712653
writeup,0.0039358896327855546
パフォーマンス,0.0039358896327855546
バージョン管理,0.0039358896327855546
PRML,0.0039358896327855546
sklearn,0.003922364238858457
Mattermost,0.003922364238858457
高速化,0.003922364238858457
シェル芸,0.003922364238858457
検索,0.003922364238858457
Basic認証,0.003922364238858457
apt,0.003922364238858457
dialogflow,0.003908838844931359
EC-CUBE,0.003908838844931359
ドメイン,0.003908838844931359
Win32API,0.003908838844931359
SRE,0.0038953134510042605
pillow,0.0038953134510042605
ショートカットキー,0.0038953134510042605
IIS,0.0038953134510042605
Drupal,0.0038953134510042605
VMware_ESXi,0.003881788057077162
コンポーネント,0.003881788057077162
さくらのクラウド,0.003881788057077162
ggplot2,0.003881788057077162
QuantumComputing,0.003854737269222966
応用情報技術者試験,0.003854737269222966
Hugo,0.003854737269222966
VBAマクロ,0.003854737269222966
IBMi,0.003841211875295868
ORM,0.003841211875295868
コロナウイルス,0.0038276864813687698
CodeCommit,0.0038276864813687698
DataFrame,0.0038276864813687698
JetBrains,0.0038276864813687698
QEMU,0.0038276864813687698
ComputerVision,0.0038276864813687698
flash,0.0038276864813687698
clang,0.0038276864813687698
ドキュメント,0.003814161087441672
automation,0.003814161087441672
記事投稿キャンペーン_ChatGPT,0.0038006356935145736
Postman,0.0038006356935145736
FirebaseCloudFunctions,0.0037871102995874753
Logstash,0.0037871102995874753
コーディング規約,0.0037871102995874753
Backlog,0.0037871102995874753
Xcode8,0.0037735849056603774
ズンドコキヨシ,0.0037735849056603774
TOPPERS,0.0037735849056603774
SublimeText2,0.003760059511733279
bert,0.003746534117806181
webpacker,0.003746534117806181
minikube,0.003746534117806181
CognitiveServices,0.003746534117806181
コーディング,0.003746534117806181
JSP,0.003746534117806181
riot,0.003733008723879083
.NETFramework2.0,0.003719483329951985
figma,0.003719483329951985
plotly,0.003719483329951985
teradata,0.003719483329951985
JDBC,0.003719483329951985
JavaFX,0.003719483329951985
AutoLayout,0.0037059579360248867
Sphinx,0.0037059579360248867
dom,0.0037059579360248867
LINEWORKS,0.003692432542097789
AutoHotkey,0.003692432542097789
ソート,0.0036789071481706905
password,0.0036789071481706905
stepfunctions,0.003665381754243592
単語帳,0.003665381754243592
WebComponents,0.003665381754243592
iOS13,0.0036518563603164943
seaborn,0.0036518563603164943
Kinesis,0.0036518563603164943
Transformer,0.003638330966389396
openid_connect,0.003638330966389396
vSphere,0.003638330966389396
AfterEffects,0.003638330966389396
Backbone.js,0.003638330966389396
ftp,0.003624805572462298
UTF-8,0.003624805572462298
CodeIgniter,0.003624805572462298
python3.7,0.0036112801785351998
coursera,0.0036112801785351998
echo,0.0036112801785351998
SendGrid,0.0036112801785351998
Push通知,0.0036112801785351998
Make,0.0036112801785351998
template,0.0036112801785351998
react-router,0.003597754784608102
Robot,0.003597754784608102
date,0.003597754784608102
Lチカ,0.0035842293906810036
インフラエンジニア,0.0035842293906810036
チートシート,0.0035842293906810036
ログ,0.0035842293906810036
venv,0.0035707039967539053
情報処理技術者試験,0.0035707039967539053
class,0.0035707039967539053
Streamlit,0.0035571786028268074
メソッド,0.0035571786028268074
uGUI,0.0035571786028268074
CentOS6,0.0035571786028268074
purescript,0.0035571786028268074
制御工学,0.003543653208899709
sqs,0.003543653208899709
e2e,0.003543653208899709
Wireshark,0.003543653208899709
イベント,0.003543653208899709
spring-security,0.003543653208899709
リーダブルコード,0.003530127814972611
ActionScript,0.003530127814972611
AutoML,0.003516602421045513
Jetson,0.003516602421045513
Nerves,0.003516602421045513
LSTM,0.003516602421045513
Crystal,0.003516602421045513
ソフトウェアテスト,0.003516602421045513
g++,0.003516602421045513
ssh公開鍵認証,0.003516602421045513
illustrator,0.003516602421045513
pytest,0.003503077027118415
新人教育,0.003503077027118415
rubygems,0.003503077027118415
MovableType,0.003503077027118415
Requests,0.0034895516331913167
adb,0.0034895516331913167
Laravel7,0.0034760262392642184
fukuoka.ex,0.0034760262392642184
gin,0.0034760262392642184
文字化け,0.0034760262392642184
helm,0.0034760262392642184
ue5,0.0034625008453371205
ActiveStorage,0.0034625008453371205
jsdo,0.0034625008453371205
list,0.0034625008453371205
本,0.0034625008453371205
Carthage,0.003448975451410022
nodebrew,0.003448975451410022
neo4j,0.003448975451410022
framework,0.003448975451410022
tool,0.003448975451410022
BotFramework,0.0034354500574829243
確率,0.0034354500574829243
株価,0.0034354500574829243
Build,0.0034354500574829243
入試問題,0.003421924663555826
laravel5.7,0.003421924663555826
CodeDeploy,0.003421924663555826
要件定義,0.003421924663555826
論文,0.003421924663555826
emacs-lisp,0.003408399269628728
aws-cdk,0.0033948738757016298
AzureCLI,0.0033948738757016298
RxJava,0.0033948738757016298
camera,0.0033948738757016298
RSS,0.0033948738757016298
foss4g,0.003381348481774532
レビュー,0.003381348481774532
hive,0.003381348481774532
G検定,0.0033678230878474336
ETL,0.0033678230878474336
Vivado,0.0033678230878474336
VNC,0.0033678230878474336
Java11,0.0033542976939203353
UWP,0.0033542976939203353
プログラミング言語,0.0033542976939203353
GORM,0.0033542976939203353
設定,0.0033542976939203353
NFT,0.0033407722999932374
ssd,0.0033407722999932374
Verilog,0.0033407722999932374
MicrosoftTeams,0.003327246906066139
Mackerel,0.003327246906066139
webView,0.003327246906066139
コードレビュー,0.003313721512139041
Sound,0.003313721512139041
myVisualStudioStudy,0.003300196118211943
lightgbm,0.003300196118211943
MicrosoftFlow,0.003300196118211943
homestead,0.003300196118211943
chromedriver,0.003300196118211943
WolframAlpha,0.003300196118211943
Scheme,0.003300196118211943
RubyonRails6.0,0.003286670724284845
新人エンジニア,0.003286670724284845
並列処理,0.003286670724284845
コンパイラ,0.003286670724284845
SMTP,0.003286670724284845
fedora,0.003286670724284845
UiPathStudio,0.0032731453303577467
AppSync,0.0032731453303577467
geometry,0.0032731453303577467
rfc,0.0032731453303577467
GoogleForms,0.0032596199364306484
未経験,0.0032596199364306484
変数,0.0032596199364306484
NAS,0.0032596199364306484
Laravel9,0.0032460945425035505
40代駆け出しエンジニア,0.0032460945425035505
NeosVR,0.0032460945425035505
RubyOnRails5.2,0.0032460945425035505
暗号化,0.0032460945425035505
mapbox,0.0032460945425035505
gpt-3,0.003232569148576452
ObjectDetection,0.003232569148576452
日本語訳,0.003232569148576452
Trello,0.003232569148576452
YouTubeAPI,0.003232569148576452
量子ゲート,0.0032190437546493543
ArduinoUno,0.0032190437546493543
ASP.NET_MVC,0.0032190437546493543
証明書,0.0032190437546493543
office,0.0032190437546493543
Vercel,0.003205518360722256
GoogleAssistant,0.003205518360722256
CSS設計,0.003205518360722256
udp,0.003205518360722256
GCS,0.003205518360722256
AutoScaling,0.003205518360722256
virtualenv,0.003205518360722256
LDAP,0.003205518360722256
iptables,0.003205518360722256
Instagram,0.003205518360722256
QISKIT,0.003191992966795158
アクセシビリティ,0.003191992966795158
gpio,0.003191992966795158
IE11,0.003191992966795158
crontab,0.003191992966795158
プラグイン,0.003191992966795158
gnuplot,0.003191992966795158
Snowflake,0.0031784675728680598
Symfony2,0.0031784675728680598
stringOperation,0.0031649421789409615
iOS8,0.0031649421789409615
Wi-Fi,0.0031649421789409615
MLOps,0.0031514167850138636
Trailhead,0.0031514167850138636
ふりかえり,0.0031514167850138636
サーバー構築,0.0031514167850138636
extension,0.0031514167850138636
airflow,0.0031378913910867653
3Dプリンタ,0.0031378913910867653
RDB,0.0031378913910867653
PhantomJS,0.0031378913910867653
Nokogiri,0.0031378913910867653
servlet,0.0031243659971596674
Couchbase,0.0031243659971596674
flow,0.0031243659971596674
Solr,0.0031243659971596674
OpenSSH,0.0031243659971596674
SAML,0.003110840603232569
update,0.003110840603232569
Phalcon,0.003110840603232569
SDK,0.003110840603232569
ebs,0.003110840603232569
"HTML,CSS",0.003097315209305471
GPT-4,0.003083789815378373
clang++,0.003083789815378373
conda,0.0030702644214512746
oauth2,0.0030702644214512746
nvm,0.0030702644214512746
paizaラーニング,0.0030567390275241767
SharePointOnline,0.0030567390275241767
Linux基本,0.0030567390275241767
image,0.0030432136335970784
Xcode11,0.0030296882396699805
docker-for-windows,0.0030296882396699805
iOS9,0.0030296882396699805
flexbox,0.0030296882396699805
GoF,0.0030296882396699805
GIF,0.0030296882396699805
Express.js,0.0030296882396699805
session,0.0030296882396699805
Graphviz,0.0030296882396699805
NFC,0.0030296882396699805
Qiitadelika,0.003016162845742882
Vtuber,0.003016162845742882
Storage,0.003016162845742882
ProtocolBuffers,0.003016162845742882
OpenVPN,0.003016162845742882
WebStorm,0.003016162845742882
boost,0.003016162845742882
自作キーボード,0.0030026374518157843
Pyspark,0.0030026374518157843
命名規則,0.0030026374518157843
DesignPatterns,0.0030026374518157843
オープンデータ,0.0030026374518157843
chocolatey,0.0030026374518157843
httpd,0.0030026374518157843
Pandoc,0.0030026374518157843
macOSCatalina,0.002989112057888686
BashOnUbuntuOnWindows,0.002989112057888686
for文,0.002989112057888686
型,0.002989112057888686
sudo,0.002989112057888686
クソアプリ,0.002975586663961588
oled,0.002975586663961588
NeuralNetwork,0.002975586663961588
DX,0.002975586663961588
anyenv,0.002975586663961588
GitBucket,0.002975586663961588
AKS,0.0029620612700344898
coroutine,0.0029620612700344898
path,0.0029620612700344898
setup,0.0029620612700344898
fileIO,0.0029485358761073915
Bitrise,0.0029485358761073915
マイクロサービス,0.0029485358761073915
lamp,0.0029485358761073915
PDO,0.0029485358761073915
Dropbox,0.0029485358761073915
docker-machine,0.0029350104821802936
カンファレンス・勉強会メモ,0.0029350104821802936
mocha,0.0029350104821802936
開発,0.0029350104821802936
SSM,0.0029214850882531953
influxdb,0.0029214850882531953
YOLOv3,0.0029079596943260974
異常検知,0.0029079596943260974
PyInstaller,0.0029079596943260974
Openpyxl,0.0029079596943260974
MacbookPro,0.0029079596943260974
関数型言語,0.0029079596943260974
ベイズ推定,0.002894434300398999
Xcode6,0.002894434300398999
UITableView,0.002894434300398999
cakephp2,0.002894434300398999
fabric,0.002894434300398999
LLM,0.002880908906471901
bosch,0.002880908906471901
PlatformIO,0.002880908906471901
Visualization,0.002880908906471901
nextcloud,0.002867383512544803
digdag,0.002867383512544803
DependencyInjection,0.002867383512544803
GoogleMap,0.002867383512544803
COTOHA,0.0028538581186177045
Kivy,0.0028538581186177045
msys2,0.0028538581186177045
Androidアプリ,0.0028538581186177045
Adx2,0.0028538581186177045
jpa,0.0028538581186177045
annotation,0.0028403327246906067
自動車,0.0028403327246906067
if文,0.0028403327246906067
Sharperlight,0.0028268073307635084
組合せ最適化,0.0028268073307635084
vbs,0.0028268073307635084
browserify,0.0028268073307635084
model,0.0028268073307635084
infrastructure,0.0028268073307635084
EventBridge,0.0028132819368364105
FirebaseHosting,0.0028132819368364105
GSuite,0.0028132819368364105
PlayCanvas,0.0028132819368364105
おうちハック,0.0028132819368364105
gcloud,0.0028132819368364105
Pascal,0.0028132819368364105
レスポンシブ,0.0028132819368364105
IPython,0.0028132819368364105
SmartContract,0.002799756542909312
マイコン,0.002799756542909312
Finance,0.002799756542909312
tweepy,0.002799756542909312
バリデーション,0.002799756542909312
proxmox,0.002799756542909312
Automator,0.002799756542909312
rsync,0.002799756542909312
VRM,0.0027862311489822143
AppService,0.0027862311489822143
trap,0.0027862311489822143
勉強,0.0027862311489822143
serverspec,0.0027862311489822143
Hyperledger-fabric,0.002772705755055116
borgSensorSystem1,0.002772705755055116
codingRule,0.002772705755055116
Mock,0.002772705755055116
Scrapy,0.002772705755055116
nfs,0.002772705755055116
yamaha,0.002772705755055116
OCaml,0.002772705755055116
Poetry,0.0027591803611280176
TensorflowLite,0.0027591803611280176
YOLO,0.0027591803611280176
OpenFOAM,0.0027591803611280176
RecyclerView,0.0027591803611280176
タスク管理,0.0027591803611280176
Cache,0.0027591803611280176
GooglePlay,0.0027591803611280176
sftp,0.0027591803611280176
コマンドライン,0.0027591803611280176
Octave,0.0027591803611280176
rake,0.0027591803611280176
Config,0.0027591803611280176
3DCG,0.0027591803611280176
flux,0.0027591803611280176
Dynamics365,0.0027456549672009198
A-Frame,0.0027456549672009198
Live2D,0.0027456549672009198
さくらエディタ,0.0027456549672009198
backup,0.0027321295732738215
Jekyll,0.0027321295732738215
base64,0.0027321295732738215
objectpascal,0.0027186041793467236
前処理,0.0027186041793467236
読書感想文,0.0027186041793467236
ntp,0.0027186041793467236
BITNAMI,0.0027186041793467236
monitoring,0.0027186041793467236
Mobile,0.0027186041793467236
Cypress,0.0027050787854196253
シリアル通信,0.0027050787854196253
オープンソース,0.0027050787854196253
Karabiner,0.0027050787854196253
自動テスト,0.0027050787854196253
Underscore.js,0.0027050787854196253
bug,0.0027050787854196253
scp,0.0027050787854196253
shortcut,0.0026915533914925274
Catalina,0.002678027997565429
AzureMachineLearning,0.002678027997565429
IDCFクラウド,0.002678027997565429
初心者です,0.002678027997565429
SaaS,0.002678027997565429
Webスクレイピング,0.002678027997565429
Chromium,0.002678027997565429
合格体験記,0.002664502603638331
UnrealC++,0.002664502603638331
zybo,0.002664502603638331
DataBinding,0.002664502603638331
AMP,0.002664502603638331
EC-CUBE3,0.002664502603638331
lpic,0.002664502603638331
JMeter,0.002664502603638331
Livebook,0.002650977209711233
nocode,0.002650977209711233
TensorFlow.js,0.002650977209711233
styled-components,0.002650977209711233
gitbash,0.002650977209711233
用語,0.002650977209711233
VisualBasic,0.002650977209711233
find,0.002650977209711233
groonga,0.002650977209711233
PayPal,0.002650977209711233
MLflow,0.0026374518157841345
Bizrobo,0.0026374518157841345
intel,0.0026374518157841345
diff,0.0026374518157841345
CoreData,0.0026374518157841345
certbot,0.0026239264218570367
SkyWay,0.0026239264218570367
DataVisualization,0.0026239264218570367
LLVM,0.0026239264218570367
waf,0.0026239264218570367
OculusGo,0.0026104010279299384
Swift2.0,0.0026104010279299384
ServiceWorker,0.0026104010279299384
rpm,0.0026104010279299384
alias,0.0026104010279299384
ローコード,0.0025968756340028405
資格試験,0.0025968756340028405
組織,0.0025968756340028405
MFA,0.0025968756340028405
WRF,0.0025968756340028405
EntityFramework,0.0025968756340028405
JAMstack,0.002583350240075742
RealSense,0.002583350240075742
VyOS,0.002583350240075742
googlecomputeengine,0.002583350240075742
Video,0.002583350240075742
バグ,0.002583350240075742
geth,0.0025698248461486443
インターン,0.0025698248461486443
LibreOffice,0.0025698248461486443
音声合成,0.0025698248461486443
cloudfoundry,0.0025698248461486443
TypeORM,0.002556299452221546
coreML,0.002556299452221546
DApps,0.002556299452221546
C++17,0.002556299452221546
Yosemite,0.002556299452221546
library,0.002556299452221546
Visualforce,0.002556299452221546
TeachableMachine,0.0025427740582944476
RaspberryPiZeroW,0.0025427740582944476
Python2,0.0025427740582944476
timezone,0.0025427740582944476
mBaas,0.0025427740582944476
Akka,0.0025427740582944476
STM32G031,0.0025292486643673498
POSIX,0.0025292486643673498
appium,0.0025292486643673498
FactoryBot,0.0025157232704402514
MyUnity,0.0025157232704402514
Theta,0.0025157232704402514
WebAudioAPI,0.0025157232704402514
Photon,0.0025157232704402514
wine,0.0025157232704402514
UiPathFriends,0.0025021978765131536
JDLA,0.0025021978765131536
RSA,0.0025021978765131536
Lightning,0.0025021978765131536
ファイル操作,0.0025021978765131536
emoji,0.0025021978765131536
ReinforcementLearning,0.0024886724825860553
JDK,0.0024886724825860553
discord.js,0.0024751470886589574
prisma,0.0024751470886589574
Web3,0.0024751470886589574
アジャイル開発,0.0024751470886589574
xilinx,0.0024751470886589574
動的計画法,0.0024751470886589574
InternetExplorer,0.0024751470886589574
HLS,0.0024751470886589574
RESTful,0.0024751470886589574
geo,0.0024751470886589574
AzureStorage,0.002461621694731859
テスト駆動開発,0.002461621694731859
バックエンド,0.002461621694731859
日本語化,0.002461621694731859
drone,0.002461621694731859
Siv3D,0.002461621694731859
post,0.002461621694731859
sidekiq,0.002461621694731859
Metal,0.002461621694731859
ReactiveExtensions,0.002461621694731859
仮想化,0.0024480963008047607
カメラ,0.0024480963008047607
Parse,0.0024480963008047607
Compass,0.0024480963008047607
istio,0.002434570906877663
wordcloud,0.002434570906877663
await,0.002434570906877663
Functions,0.002434570906877663
http2,0.002434570906877663
行列,0.002434570906877663
学習メモ,0.002434570906877663
RDP,0.002434570906877663
再帰,0.002434570906877663
SAS,0.002434570906877663
素数,0.0024210455129505645
gdb,0.0024210455129505645
試験,0.0024210455129505645
AmazonConnect,0.0024075201190234667
Pleasanter,0.0024075201190234667
StreamAPI,0.0024075201190234667
ChromeOS,0.0024075201190234667
単体テスト,0.0024075201190234667
bigdata,0.0024075201190234667
wget,0.0024075201190234667
color,0.0024075201190234667
development,0.0024075201190234667
Haxe,0.0024075201190234667
Router,0.0023939947250963683
packer,0.0023939947250963683
読書メモ,0.0023939947250963683
Memcached,0.0023939947250963683
Nuxt3,0.0023804693311692705
STM32L010,0.0023804693311692705
angular-cli,0.0023804693311692705
FFT,0.0023804693311692705
Desktop,0.0023804693311692705
Asset,0.0023804693311692705
pullrequest,0.0023804693311692705
JScript,0.0023804693311692705
ハードウェア,0.0023804693311692705
catapult,0.002366943937242172
fetch,0.002366943937242172
クラスタリング,0.002366943937242172
さくらのレンタルサーバ,0.002366943937242172
CloudStorage,0.002366943937242172
AVR,0.002366943937242172
activeadmin,0.002366943937242172
string,0.002366943937242172
Coq,0.002366943937242172
picoCTF,0.002353418543315074
AtomicDesign,0.002353418543315074
ソフトウェア開発,0.002353418543315074
GoogleCloudStorage,0.002353418543315074
ポインタ,0.002353418543315074
sh,0.002353418543315074
ラビットチャレンジ,0.002339893149387976
GANs,0.002339893149387976
AsyncAwait,0.002339893149387976
sketch,0.002339893149387976
音楽,0.002339893149387976
Meteor,0.002339893149387976
WebDriver,0.002339893149387976
量子アニーリング,0.0023263677554608776
ITパスポート,0.0023263677554608776
VC++,0.0023263677554608776
ラムダ式,0.0023263677554608776
なでしこ,0.0023263677554608776
WindowsTerminal,0.0023128423615337798
toio,0.0023128423615337798
スマートスピーカー,0.0023128423615337798
WebApps,0.0023128423615337798
RPGツクールMV,0.0023128423615337798
xgboost,0.0023128423615337798
プロンプト,0.0023128423615337798
spring-mvc,0.0023128423615337798
WKWebView,0.0023128423615337798
Wikipedia,0.0023128423615337798
Rx,0.0023128423615337798
bottle,0.0023128423615337798
plsql,0.0023128423615337798
iOS14,0.0022993169676066814
python3.6,0.0022993169676066814
インスタンス,0.0022993169676066814
PRISM,0.0022993169676066814
pygame,0.0022993169676066814
非エンジニア,0.0022993169676066814
Presto,0.0022993169676066814
メモリ,0.0022993169676066814
uwsgi,0.0022993169676066814
langchain,0.0022857915736795836
autonomous_database,0.0022857915736795836
LIFF,0.0022857915736795836
プログラミング学習,0.0022857915736795836
Jetpack,0.0022857915736795836
riot.js,0.0022857915736795836
onsenui,0.0022857915736795836
lxc,0.0022857915736795836
CircleCI2.0,0.0022722661797524852
XCode7,0.0022722661797524852
blade,0.0022722661797524852
milkcocoa,0.0022722661797524852
シェル,0.0022722661797524852
RabbitMQ,0.0022722661797524852
squid,0.0022722661797524852
Simulink,0.0022587407858253874
量子力学,0.0022587407858253874
自己紹介,0.0022587407858253874
ssr,0.002245215391898289
CData,0.002245215391898289
OBS,0.002245215391898289
AmazonEcho,0.002245215391898289
firewalld,0.002245215391898289
NetApp,0.002245215391898289
xserver,0.002245215391898289
研修,0.002245215391898289
GoogleTagManager,0.002245215391898289
console,0.002245215391898289
NetBeans,0.002245215391898289
KYOSO,0.0022316899979711907
JavaGold,0.0022316899979711907
ios11,0.0022316899979711907
wasm,0.0022316899979711907
Quantum,0.0022316899979711907
RNN,0.0022316899979711907
大学生,0.0022316899979711907
SLAM,0.0022316899979711907
モデリング,0.0022316899979711907
embedded,0.0022316899979711907
Liquid,0.0022316899979711907
CreateJS,0.0022316899979711907
cp4d,0.002218164604044093
Kony,0.002218164604044093
Mojave,0.002218164604044093
DAX,0.002218164604044093
アンチパターン,0.002218164604044093
Unity拡張,0.002218164604044093
svm,0.002218164604044093
bind,0.002218164604044093
Confluence,0.002218164604044093
ClojureScript,0.002218164604044093
iPaaS,0.0022046392101169945
Sierra,0.0022046392101169945
truffle,0.0022046392101169945
interface,0.0022046392101169945
architecture,0.0022046392101169945
EMR,0.0022046392101169945
Cgi,0.0022046392101169945
Import,0.0022046392101169945
WioLTE,0.0021911138161898967
ER図,0.0021911138161898967
ObjectStorage,0.0021911138161898967
WWDC,0.0021911138161898967
キャッシュ,0.0021911138161898967
Kobito,0.0021911138161898967
Spresense,0.0021775884222627983
crud,0.0021775884222627983
Excel関数,0.0021775884222627983
ユニットテスト,0.0021775884222627983
PyQt5,0.0021775884222627983
snmp,0.0021775884222627983
Cassandra,0.0021775884222627983
Jackson,0.0021775884222627983
hackathon,0.0021775884222627983
Chrome拡張,0.0021640630283357005
EV3,0.0021640630283357005
WebSphere,0.0021640630283357005
chemoinformatics,0.0021640630283357005
ZFS,0.0021640630283357005
電子回路,0.0021640630283357005
ブックマークレット,0.0021640630283357005
bower,0.0021640630283357005
stylus,0.0021640630283357005
VCI,0.002150537634408602
OpenVINO,0.002150537634408602
lint,0.002150537634408602
Edison,0.002150537634408602
初期設定,0.002150537634408602
hash,0.002150537634408602
Emmet,0.002150537634408602
RubyMotion,0.002150537634408602
FreeRTOS,0.002137012240481504
箱庭,0.002123486846554406
Grove,0.002123486846554406
Choregraphe,0.002123486846554406
プレゼンテーション,0.002123486846554406
STS,0.002123486846554406
SpriteKit,0.002123486846554406
sequelize,0.002123486846554406
広告,0.002123486846554406
Mockito,0.002123486846554406
ブログ,0.002123486846554406
Alfred,0.002123486846554406
module,0.002123486846554406
extendscript,0.002123486846554406
湯婆婆,0.0021099614526273076
Composition-API,0.0021099614526273076
aidemy,0.0021099614526273076
dotenv,0.0021099614526273076
顔認識,0.0021099614526273076
Thread,0.0021099614526273076
転職活動,0.0021099614526273076
Polymer,0.0021099614526273076
継承,0.0021099614526273076
ChromeDevTool,0.0021099614526273076
Jade,0.0021099614526273076
センサー,0.0021099614526273076
.htaccess,0.0021099614526273076
less,0.0021099614526273076
AppleSilicon,0.0020964360587002098
Logix,0.0020964360587002098
モブプログラミング,0.0020964360587002098
回帰分析,0.0020964360587002098
wercker,0.0020964360587002098
ejs,0.0020964360587002098
todo,0.0020964360587002098
htaccess,0.0020964360587002098
遺伝的アルゴリズム,0.0020964360587002098
laravel5.6,0.0020829106647731114
QuickSight,0.0020829106647731114
フリーランス,0.0020829106647731114
メインフレーム,0.0020829106647731114
nutanix,0.0020829106647731114
BASIC,0.0020829106647731114
Stan,0.0020829106647731114
オブジェクト,0.0020829106647731114
オセロ,0.0020829106647731114
FX,0.0020829106647731114
arm64,0.0020829106647731114
全文検索,0.0020829106647731114
concrete5,0.0020829106647731114
ransack,0.0020829106647731114
OGP,0.0020829106647731114
ドットインストール,0.0020829106647731114
Watson-Studio,0.0020693852708460136
CosmosDB,0.0020693852708460136
Spotify,0.0020693852708460136
junit5,0.0020693852708460136
リモートデスクトップ,0.0020693852708460136
acm,0.0020693852708460136
Mesh,0.0020693852708460136
Godot,0.0020693852708460136
振り返り,0.0020693852708460136
logging,0.0020693852708460136
Cluster,0.0020693852708460136
Cloudtrail,0.0020693852708460136
PostGIS,0.0020693852708460136
MinGW,0.0020693852708460136
PowerBIDesktop,0.0020558598769189152
Clova,0.0020558598769189152
logicapps,0.0020558598769189152
oracle12c,0.0020558598769189152
CloudWatch-Logs,0.0020558598769189152
Huawei,0.0020558598769189152
コメント,0.0020558598769189152
AndroidSDK,0.0020558598769189152
socket,0.0020558598769189152
Drupal8,0.002042334482991817
Alamofire,0.002042334482991817
ElastiCache,0.002042334482991817
csrf,0.002042334482991817
assembly,0.002042334482991817
RISC-V,0.002028809089064719
ios10,0.002028809089064719
uiflow,0.002028809089064719
xss,0.002028809089064719
dotfiles,0.002028809089064719
benchmark,0.002028809089064719
IME,0.002028809089064719
puma,0.002028809089064719
Data,0.002028809089064719
PNG,0.002028809089064719
SAPUI5,0.0020152836951376207
気象データ,0.0020152836951376207
karabiner-Elements,0.0020152836951376207
乱数,0.0020152836951376207
WebVR,0.0020152836951376207
networkx,0.0020152836951376207
opendata,0.0020152836951376207
マルチスレッド,0.0020152836951376207
日付,0.0020152836951376207
Dash,0.0020152836951376207
regexp,0.0020152836951376207
document,0.0020152836951376207
Rails7,0.002001758301210523
huggingface,0.002001758301210523
elcapitan,0.002001758301210523
EFS,0.002001758301210523
統計学入門,0.002001758301210523
NAOqi,0.002001758301210523
bem,0.002001758301210523
テンプレート,0.002001758301210523
レポート,0.002001758301210523
レベルアップ問題集,0.0019882329072834245
Combine,0.0019882329072834245
ML-Agents,0.0019882329072834245
プリザンター,0.0019882329072834245
Hyperledger,0.0019882329072834245
BitVisor,0.0019882329072834245
springframework,0.0019882329072834245
Webデザイン,0.0019882329072834245
SELinux,0.0019882329072834245
avfoundation,0.0019882329072834245
localhost,0.0019882329072834245
tello,0.0019747075133563267
DeepL,0.0019747075133563267
iverilog,0.0019747075133563267
laravel5.4,0.0019747075133563267
チャットボット,0.0019747075133563267
led,0.0019747075133563267
ランキング,0.0019747075133563267
moment.js,0.0019747075133563267
Mathematica,0.0019747075133563267
システム開発,0.0019747075133563267
NULL,0.0019747075133563267
yeoman,0.0019747075133563267
knockoutjs,0.0019747075133563267
RDBMS,0.0019747075133563267
ReVIEW,0.0019747075133563267
Paas,0.0019747075133563267
erb,0.0019747075133563267
whi-advent,0.0019611821194292283
Optuna,0.0019611821194292283
WordPressプラグイン,0.0019611821194292283
Liberty,0.0019611821194292283
postcss,0.0019611821194292283
gstreamer,0.0019611821194292283
ルーティング,0.0019611821194292283
BOX,0.0019611821194292283
RDKit,0.0019611821194292283
slick,0.0019611821194292283
ipsec,0.0019611821194292283
cobol,0.0019611821194292283
お名前.com,0.0019611821194292283
GPGPU,0.0019611821194292283
OmniAuth,0.0019611821194292283
tar,0.0019611821194292283
VantageCloud,0.0019476567255021302
LiveView,0.0019476567255021302
parcel,0.0019476567255021302
vuetifyjs,0.0019476567255021302
ソリューションアーキテクト,0.0019476567255021302
SystemVerilog,0.0019476567255021302
vuforia,0.0019476567255021302
比較,0.0019476567255021302
Play,0.0019476567255021302
pry,0.0019476567255021302
Podman,0.0019341313315750321
FirebaseCloudMessaging,0.0019341313315750321
Nordic,0.0019341313315750321
ビッグデータ,0.0019341313315750321
Blueprint,0.0019341313315750321
PLC,0.0019341313315750321
regex,0.0019341313315750321
Brainf*ck,0.0019341313315750321
postgres,0.0019341313315750321
vimscript,0.0019341313315750321
oop,0.0019341313315750321
メタプログラミング,0.0019341313315750321
Smalltalk,0.0019341313315750321
jinja2,0.0019341313315750321
SystemsManager,0.001920605937647934
脆弱性診断,0.001920605937647934
kms,0.001920605937647934
テストコード,0.001920605937647934
Windows8.1,0.001920605937647934
チューニング,0.001920605937647934
Notification,0.001920605937647934
homebrew-cask,0.001920605937647934
Kindle,0.001920605937647934
失敗談,0.001920605937647934
license,0.001920605937647934
AppEngine,0.001920605937647934
script,0.001920605937647934
ベンチマーク,0.001920605937647934
Smarty,0.001920605937647934
M1Mac,0.001907080543720836
integromat,0.001907080543720836
就活,0.001907080543720836
WindowsUpdate,0.001907080543720836
クローラー,0.001907080543720836
lodash,0.001907080543720836
SonarQube,0.001907080543720836
SoftEther,0.001907080543720836
view,0.001907080543720836
PhoneGap,0.001907080543720836
autoracex,0.0018935551497937376
BigSur,0.0018935551497937376
CakePHP4,0.0018935551497937376
macOSMojave,0.0018935551497937376
バーチャルキャスト,0.0018935551497937376
Quantx,0.0018935551497937376
ONNX,0.0018935551497937376
認定試験,0.0018935551497937376
OpenAIGym,0.0018935551497937376
cloudsql,0.0018935551497937376
JUCE,0.0018935551497937376
zapier,0.0018935551497937376
Caffe,0.0018935551497937376
分析,0.0018935551497937376
DirectX,0.0018935551497937376
vi,0.0018935551497937376
新人プログラマ応援_記事投稿キャンペーン,0.0018800297558666395
Supabase,0.0018800297558666395
vehicle,0.0018800297558666395
Looker,0.0018800297558666395
エンジニアリングマネージャー,0.0018800297558666395
FEM,0.0018800297558666395
SPI,0.0018800297558666395
PubSub,0.0018800297558666395
便利,0.0018800297558666395
gensim,0.0018800297558666395
STL,0.0018800297558666395
kaminari,0.0018800297558666395
NetBSD,0.0018800297558666395
位置情報,0.0018800297558666395
Infrastructure_as_code,0.0018665043619395414
ゲームプログラミング,0.0018665043619395414
Firewall,0.0018665043619395414
localStorage,0.0018665043619395414
リスト,0.0018665043619395414
HDL,0.0018665043619395414
iBeacon,0.0018665043619395414
zshrc,0.0018665043619395414
HDD,0.0018665043619395414
openldap,0.0018665043619395414
screen,0.0018665043619395414
HackTheBox,0.0018529789680124433
JavaSilver,0.0018529789680124433
テレワーク,0.0018529789680124433
KiCad,0.0018529789680124433
uart,0.0018529789680124433
トランザクション,0.0018529789680124433
calendar,0.0018529789680124433
公開鍵,0.0018529789680124433
jasmine,0.0018529789680124433
WSH,0.0018529789680124433
lwc,0.0018394535740853452
CloudFirestore,0.0018394535740853452
Pythonista3,0.0018394535740853452
Draw.io,0.0018394535740853452
glide,0.0018394535740853452
AzureActiveDirectory,0.0018394535740853452
色,0.0018394535740853452
SPARQL,0.0018394535740853452
VHDL,0.0018394535740853452
プログラマ,0.0018394535740853452
iTunesConnect,0.0018394535740853452
generator,0.0018394535740853452
middleman,0.0018394535740853452
Emscripten,0.0018394535740853452
CUI,0.0018394535740853452
RockyLinux,0.0018259281801582471
SwitchBot,0.0018259281801582471
WinActor,0.0018259281801582471
CloudBuild,0.0018259281801582471
UNIXコマンド,0.0018259281801582471
ethernet,0.0018259281801582471
コードリーディング,0.0018259281801582471
ChatOps,0.0018259281801582471
compiler,0.0018259281801582471
twig,0.0018259281801582471
サービス,0.0018259281801582471
GoogleCloudFunctions,0.001812402786231149
openwrt,0.001812402786231149
tesseract-ocr,0.001812402786231149
ydnjp,0.001812402786231149
例外,0.001812402786231149
gzip,0.001812402786231149
AIR,0.001812402786231149
oracle19c,0.001798877392304051
laravel5.8,0.001798877392304051
Udemy学習応援,0.001798877392304051
C#入門,0.001798877392304051
Metabase,0.001798877392304051
tidyverse,0.001798877392304051
Gazebo,0.001798877392304051
abap,0.001798877392304051
BaaS,0.001798877392304051
Lombok,0.001798877392304051
Putty,0.001798877392304051
自作PC,0.001798877392304051
tableView,0.001798877392304051
xpath,0.001798877392304051
さくらのVPS,0.001798877392304051
Automation360,0.0017853519983769526
Recoil,0.0017853519983769526
unvt,0.0017853519983769526
web3.js,0.0017853519983769526
lxd,0.0017853519983769526
例外処理,0.0017853519983769526
SceneKit,0.0017853519983769526
geojson,0.0017853519983769526
研究,0.0017853519983769526
ライセンス,0.0017853519983769526
dll,0.0017853519983769526
phpenv,0.0017853519983769526
TCPIP,0.0017853519983769526
microCMS,0.0017718266044498545
画像生成,0.0017718266044498545
因果推論,0.0017718266044498545
ESP-WROOM-32,0.0017718266044498545
unity5,0.0017718266044498545
Stream,0.0017718266044498545
文字列操作,0.0017718266044498545
XCTest,0.0017718266044498545
Atlassian,0.0017718266044498545
karma,0.0017718266044498545
RemoteDesktop,0.0017718266044498545
WindowsSubsystemForLinux,0.0017583012105227564
zOS,0.0017583012105227564
RTOS,0.0017583012105227564
移行,0.0017583012105227564
ownCloud,0.0017583012105227564
スクリプト,0.0017583012105227564
gitignore,0.0017583012105227564
snippets,0.0017583012105227564
AlmaLinux,0.0017447758165956583
deltalake,0.0017447758165956583
AZ-900,0.0017447758165956583
UXデザイン,0.0017447758165956583
dlib,0.0017447758165956583
pm,0.0017447758165956583
ShaderLab,0.0017447758165956583
グラフ理論,0.0017447758165956583
itamae,0.0017447758165956583
pulp,0.0017447758165956583
commit,0.0017447758165956583
package,0.0017447758165956583
WebP,0.0017447758165956583
ReKognition,0.0017447758165956583
gunicorn,0.0017447758165956583
ODBC,0.0017447758165956583
スクリーンショット,0.0017447758165956583
質問,0.0017447758165956583
mongoose,0.0017447758165956583
M5Atom,0.0017312504226685602
hololens2,0.0017312504226685602
プログラミングスクール,0.0017312504226685602
kubeadm,0.0017312504226685602
nodenv,0.0017312504226685602
dataflow,0.0017312504226685602
phina.js,0.0017312504226685602
emulator,0.0017312504226685602
CTO,0.0017312504226685602
AppleWatch,0.0017312504226685602
naming,0.0017312504226685602
作業ログ,0.0017312504226685602
信号処理,0.0017312504226685602
package.json,0.0017312504226685602
mono,0.0017312504226685602
AzureOpenAIService,0.0017177250287414621
react-hook-form,0.0017177250287414621
RHEL8,0.0017177250287414621
Agora.io,0.0017177250287414621
IBM-Cloud,0.0017177250287414621
PointCloud,0.0017177250287414621
actionsongoogle,0.0017177250287414621
FCM,0.0017177250287414621
Component,0.0017177250287414621
OpenSource,0.0017177250287414621
X11,0.0017177250287414621
apt-get,0.0017177250287414621
mysqldump,0.0017177250287414621
Gemfile,0.0017177250287414621
AIX,0.0017177250287414621
td-agent,0.0017177250287414621
OpenCL,0.0017177250287414621
Shiny,0.001704199634814364
lumen,0.001704199634814364
Workflow,0.001704199634814364
boot2docker,0.001704199634814364
連想配列,0.001704199634814364
isucon,0.001704199634814364
contentful,0.001690674240887266
embarcadero,0.001690674240887266
MR,0.001690674240887266
yellowfin,0.001690674240887266
Generics,0.001690674240887266
微分方程式,0.001690674240887266
ロジスティック回帰,0.001690674240887266
UEFI,0.001690674240887266
レンタルサーバー,0.001690674240887266
マイグレーション,0.001690674240887266
Vagrantfile,0.001690674240887266
glassfish,0.001690674240887266
memory,0.001690674240887266
闘魂,0.0016771488469601676
IQBot,0.0016771488469601676
自動運転,0.0016771488469601676
cuDNN,0.0016771488469601676
Pipeline,0.0016771488469601676
fintech,0.0016771488469601676
Hashicorp,0.0016771488469601676
引数,0.0016771488469601676
DXライブラリ,0.0016771488469601676
JVM,0.0016771488469601676
lvm,0.0016771488469601676
table,0.0016771488469601676
Gentoo,0.0016771488469601676
Xcode12,0.0016636234530330695
TensorFlow2.0,0.0016636234530330695
ポケモン,0.0016636234530330695
loadbalancer,0.0016636234530330695
スクラムマスター,0.0016636234530330695
stack,0.0016636234530330695
vCenter,0.0016636234530330695
asciidoc,0.0016636234530330695
music,0.0016636234530330695
gtk,0.0016636234530330695
baserCMS,0.0016636234530330695
負荷試験,0.0016636234530330695
雑記,0.0016636234530330695
M5stackCore2,0.0016500980591059714
Playwright,0.0016500980591059714
Xcode10,0.0016500980591059714
Rider,0.0016500980591059714
watchOS,0.0016500980591059714
mermaid.js,0.0016500980591059714
スタートアップ,0.0016500980591059714
HLSL,0.0016500980591059714
採用,0.0016500980591059714
SIMD,0.0016500980591059714
pixi.js,0.0016500980591059714
ISO,0.0016500980591059714
やってみた,0.0016500980591059714
controller,0.0016500980591059714
org-mode,0.0016500980591059714
Xcode9,0.0016365726651788733
yukicoder,0.0016365726651788733
SQLアンチパターン,0.0016365726651788733
インストール手順,0.0016365726651788733
CG,0.0016365726651788733
コミュニティ,0.0016365726651788733
プロトコル,0.0016365726651788733
パズル,0.0016365726651788733
nuget,0.0016365726651788733
gnome,0.0016365726651788733
フォーム,0.0016365726651788733
bashrc,0.0016365726651788733
rack,0.0016365726651788733
Riverpod,0.0016230472712517752
ArgoCD,0.0016230472712517752
SpeechToText,0.0016230472712517752
clasp,0.0016230472712517752
DQN,0.0016230472712517752
ActionCable,0.0016230472712517752
OpenAM,0.0016230472712517752
変換,0.0016230472712517752
DevTools,0.0016230472712517752
ipa,0.0016230472712517752
TeXLive,0.0016230472712517752
userscript,0.0016230472712517752
MapLibre,0.0016095218773246771
SvelteKit,0.0016095218773246771
copilot,0.0016095218773246771
AppStoreConnect,0.0016095218773246771
QMK,0.0016095218773246771
emotion,0.0016095218773246771
Bulma,0.0016095218773246771
envoy,0.0016095218773246771
mermaid,0.0016095218773246771
AdobeXD,0.0016095218773246771
Vulkan,0.0016095218773246771
Docker-Toolbox,0.0016095218773246771
abc,0.0016095218773246771
C++builder,0.0016095218773246771
crypto,0.0016095218773246771
Sqlplus,0.0016095218773246771
OAuth2.0,0.0016095218773246771
permission,0.0016095218773246771
minecraftmodding,0.0016095218773246771
UbuntuServer,0.0016095218773246771
input,0.0016095218773246771
ImageProcessing,0.0016095218773246771
UnrealEngine5,0.001595996483397579
クラウドプラクティショナー,0.001595996483397579
VirtualCast,0.001595996483397579
Ktor,0.001595996483397579
初心者応援,0.001595996483397579
SigFox,0.001595996483397579
情報処理安全確保支援士,0.001595996483397579
クリーンアーキテクチャ,0.001595996483397579
作業効率化,0.001595996483397579
Cryptocurrency,0.001595996483397579
mp4,0.001595996483397579
PyPI,0.001595996483397579
jquery.ui,0.001595996483397579
YOLOV5,0.0015824710894704807
powervs,0.0015824710894704807
dotnet,0.0015824710894704807
pyautogui,0.0015824710894704807
生産性向上,0.0015824710894704807
5G,0.0015824710894704807
DB設計,0.0015824710894704807
OIDC,0.0015824710894704807
cargo,0.0015824710894704807
演算子,0.0015824710894704807
Faker,0.0015824710894704807
ETロボコン,0.0015824710894704807
quartus,0.0015824710894704807
mosquitto,0.0015824710894704807
ping,0.0015824710894704807
SeleniumIDE,0.0015824710894704807
MP3,0.0015824710894704807
multiprocessing,0.0015824710894704807
MediaPipe,0.0015689456955433826
MUI,0.0015689456955433826
AmazonDashButton,0.0015689456955433826
基礎知識,0.0015689456955433826
品質,0.0015689456955433826
version,0.0015689456955433826
x86,0.0015689456955433826
数式,0.0015689456955433826
Simulator,0.0015689456955433826
RHEL7,0.0015689456955433826
Max-MSP,0.0015689456955433826
基本,0.0015689456955433826
RAID,0.0015689456955433826
Fragment,0.0015689456955433826
OpenWeatherMap,0.0015689456955433826
exif,0.0015689456955433826
pacemaker,0.0015689456955433826
CloudShell,0.0015554203016162845
Termux,0.0015554203016162845
数理最適化,0.0015554203016162845
intra-mart,0.0015554203016162845
科学技術計算,0.0015554203016162845
XRDP,0.0015554203016162845
wp-cli,0.0015554203016162845
SequelPro,0.0015554203016162845
Cython,0.0015554203016162845
HHKB,0.0015554203016162845
プロキシ,0.0015554203016162845
ライフハック,0.0015554203016162845
Linux_Mint,0.0015554203016162845
git-flow,0.0015554203016162845
codeiq,0.0015554203016162845
Yii,0.0015554203016162845
Crashlytics,0.0015554203016162845
apache2,0.0015554203016162845
Random,0.0015554203016162845
nx,0.0015418949076891864
mapbox-gl-js,0.0015418949076891864
OpenPose,0.0015418949076891864
Binary,0.0015418949076891864
標準入力,0.0015418949076891864
面接,0.0015418949076891864
仮想マシン,0.0015418949076891864
WatchKit,0.0015418949076891864
serial,0.0015418949076891864
WinForms,0.0015418949076891864
branch,0.0015418949076891864
civictech,0.0015418949076891864
いいね,0.0015418949076891864
Routing,0.0015418949076891864
Evernote,0.0015418949076891864
カレンダー,0.0015418949076891864
event,0.0015418949076891864
flutter_web,0.0015283695137620883
Vive,0.0015283695137620883
ビット演算,0.0015283695137620883
ストレージ,0.0015283695137620883
nucleo,0.0015283695137620883
IchigoJam,0.0015283695137620883
DHCP,0.0015283695137620883
MVP,0.0015283695137620883
LT,0.0015283695137620883
Puppet,0.0015283695137620883
blueprism,0.0015148441198349902
LPIC101,0.0015148441198349902
条件分岐,0.0015148441198349902
vuls,0.0015148441198349902
Tensorboard,0.0015148441198349902
AzureWebApps,0.0015148441198349902
感情分析,0.0015148441198349902
HPC,0.0015148441198349902
Recommendation,0.0015148441198349902
インタープリタ,0.0015148441198349902
IT,0.0015148441198349902
Search,0.0015148441198349902
yocto,0.0015148441198349902
workspaces,0.0015148441198349902
Carbon,0.0015148441198349902
mount,0.0015148441198349902
dovecot,0.0015148441198349902
JPEG,0.0015148441198349902
Lubuntu,0.0015148441198349902
VM,0.0015148441198349902
jsf,0.0015148441198349902
dos,0.0015148441198349902
RPAツール,0.0015013187259078921
LocalStack,0.0015013187259078921
Fiori,0.0015013187259078921
delete,0.0015013187259078921
State,0.0015013187259078921
辞書,0.0015013187259078921
GraphAPI,0.0015013187259078921
sentry,0.0015013187259078921
LeapMotion,0.0015013187259078921
minitest,0.0015013187259078921
supervisor,0.0015013187259078921
Delegate,0.0015013187259078921
turbolinks,0.0015013187259078921
Beanstalk,0.0015013187259078921
FactoryGirl,0.0015013187259078921
tanzu,0.001487793331980794
PySimpleGUI,0.001487793331980794
技術書典,0.001487793331980794
FreeCAD,0.001487793331980794
redux-saga,0.001487793331980794
petalinux,0.001487793331980794
difficultToSearch,0.001487793331980794
Spacemacs,0.001487793331980794
主成分分析,0.001487793331980794
新人,0.001487793331980794
rundeck,0.001487793331980794
datastore,0.001487793331980794
translation,0.001487793331980794
MPI,0.001487793331980794
仕事,0.001487793331980794
dictionary,0.001487793331980794
Grails,0.001487793331980794
Vantage,0.0014742679380536957
LightningWebComponents,0.0014742679380536957
AzurePipelines,0.0014742679380536957
ultra96,0.0014742679380536957
SemanticSegmentation,0.0014742679380536957
Lidar,0.0014742679380536957
HighSierra,0.0014742679380536957
MicrosoftGraph,0.0014742679380536957
raspberrypi2,0.0014742679380536957
FeliCa,0.0014742679380536957
OneDrive,0.0014742679380536957
reinvent,0.0014742679380536957
VST,0.0014742679380536957
artisan,0.0014742679380536957
indesign,0.0014742679380536957
プログラム,0.0014742679380536957
アイコン,0.0014742679380536957
PIL,0.0014742679380536957
構文解析,0.0014742679380536957
Blog,0.0014742679380536957
ServiceNow小ネタ,0.0014607425441265976
Snyk,0.0014607425441265976
ドローン,0.0014607425441265976
folium,0.0014607425441265976
独学,0.0014607425441265976
Vapor,0.0014607425441265976
Magento2,0.0014607425441265976
ビットコイン,0.0014607425441265976
Query,0.0014607425441265976
ハッシュ,0.0014607425441265976
minio,0.0014607425441265976
エンジニアのキャリア,0.0014607425441265976
Get,0.0014607425441265976
Cesium,0.0014607425441265976
HttpClient,0.0014607425441265976
Push,0.0014607425441265976
QRコード,0.0014607425441265976
chef-solo,0.0014607425441265976
RMagick,0.0014607425441265976
button,0.0014607425441265976
Django2.0,0.0014472171501994995
ElementUI,0.0014472171501994995
headless-chrome,0.0014472171501994995
医療,0.0014472171501994995
vectortile,0.0014472171501994995
DataSpider,0.0014472171501994995
無料,0.0014472171501994995
Editor拡張,0.0014472171501994995
spigot,0.0014472171501994995
whisper,0.0014472171501994995
tmlib.js,0.0014472171501994995
iframe,0.0014472171501994995
xargs,0.0014472171501994995
TortoiseGit,0.0014472171501994995
Perl6,0.0014472171501994995
MFC,0.0014472171501994995
navigation,0.0014472171501994995
rvm,0.0014472171501994995
doctrine,0.0014472171501994995
redux-toolkit,0.0014336917562724014
Lighthouse,0.0014336917562724014
macOSSierra,0.0014336917562724014
angularMaterial,0.0014336917562724014
apiconnect,0.0014336917562724014
プロダクトマネジメント,0.0014336917562724014
Pythonista,0.0014336917562724014
juniper,0.0014336917562724014
正規化,0.0014336917562724014
Object,0.0014336917562724014
asterisk,0.0014336917562724014
通信,0.0014336917562724014
RadStudio,0.0014336917562724014
BIOS,0.0014336917562724014
lifehack,0.0014336917562724014
カスタマーデータプラットフォーム,0.0014201663623453033
ubuntu18.04LTS,0.0014201663623453033
EntityFramework_Core,0.0014201663623453033
静的解析,0.0014201663623453033
競馬,0.0014201663623453033
index,0.0014201663623453033
QAエンジニア,0.0014201663623453033
widget,0.0014201663623453033
Function,0.0014201663623453033
学生,0.0014201663623453033
テキストエディタ,0.0014201663623453033
UICollectionView,0.0014201663623453033
無線LAN,0.0014201663623453033
reflection,0.0014201663623453033
スマホ,0.0014201663623453033
リバースプロキシ,0.0014201663623453033
text,0.0014201663623453033
enchant.js,0.0014201663623453033
thinkpad,0.0014201663623453033
Flex,0.0014201663623453033
k3s,0.0014066409684182052
SIGNATE,0.0014066409684182052
OpenSiv3D,0.0014066409684182052
PYNQ,0.0014066409684182052
ルーター,0.0014066409684182052
AS400,0.0014066409684182052
情シス,0.0014066409684182052
KUSANAGI,0.0014066409684182052
JAWS-UG,0.0014066409684182052
PDF変換,0.0014066409684182052
Blockly,0.0014066409684182052
FullCalendar,0.0014066409684182052
wiki,0.0014066409684182052
エンジニア夏休み企画,0.0013931155744911071
chakra-ui,0.0013931155744911071
FirebaseStorage,0.0013931155744911071
LoRa,0.0013931155744911071
Fusion360,0.0013931155744911071
GraphDB,0.0013931155744911071
Bootstrap3,0.0013931155744911071
決定木,0.0013931155744911071
負荷テスト,0.0013931155744911071
Fess,0.0013931155744911071
MMD,0.0013931155744911071
モナド,0.0013931155744911071
root,0.0013931155744911071
grub,0.0013931155744911071
logger,0.0013931155744911071
ActionMailer,0.0013931155744911071
WebArena,0.0013795901805640088
HeadlessCMS,0.0013795901805640088
二分探索,0.0013795901805640088
SteamVR,0.0013795901805640088
SIer,0.0013795901805640088
adamTaylor,0.0013795901805640088
fastly,0.0013795901805640088
migrate,0.0013795901805640088
セッション,0.0013795901805640088
logrotate,0.0013795901805640088
タグ,0.0013795901805640088
CCNA,0.0013795901805640088
gpg,0.0013795901805640088
mysql5.6,0.0013795901805640088
select,0.0013795901805640088
顧客分析,0.0013660647866369107
AZ-104,0.0013660647866369107
Temenos,0.0013660647866369107
ADDA,0.0013660647866369107
Shortcuts,0.0013660647866369107
Autoencoder,0.0013660647866369107
tvOS,0.0013660647866369107
障害対応,0.0013660647866369107
見積もり,0.0013660647866369107
flowtype,0.0013660647866369107
さくらインターネット,0.0013660647866369107
音声処理,0.0013660647866369107
tcpdump,0.0013660647866369107
locale,0.0013660647866369107
絵文字,0.0013660647866369107
macports,0.0013660647866369107
PCL,0.0013660647866369107
Mercurial,0.0013660647866369107
